0,0,2200,0,2200,2.52,-7.31,-78.0

0,0,367,0,2200,2.52,-7.31,-78.0

0,0,27,0,2200,2.52,-7.31,-78.0

0,0,0,0,2200,2.52,-7.31,-78.0

0,0,0,0,2200,2.63,-7.23,-77.8

0,0,0,0,860,2.63,-7.23,-77.8

0,0,0,0,0,2.63,-7.23,-77.8

0,0,0,0,101,2.63,-7.23,-77.8

0,0,0,0,2200,2.63,-7.23,-77.8

0,0,0,0,2200,2.74,-7.17,-77.6

3,0,0,0,2200,2.74,-7.17,-77.6

0,0,0,0,2200,2.74,-7.17,-77.6

69,0,18,0,2200,2.74,-7.17,-77.6

0,0,0,0,2200,2.74,-7.17,-77.6

0,172,0,0,1728,2.85,-7.08,-77.3

0,0,0,0,2200,2.85,-7.08,-77.3

0,0,0,0,2200,2.85,-7.08,-77.3

0,0,0,0,2200,2.85,-7.08,-77.3

0,0,0,886,2200,2.96,-6.95,-77.1

97,0,0,0,2200,2.96,-6.95,-77.1

163,0,0,0,2200,2.96,-6.95,-77.1

62,0,9,0,2200,2.96,-6.95,-77.1

0,0,0,0,2200,2.96,-6.95,-77.1

0,0,125,0,2200,3.10,-6.65,-77.0

0,0,0,0,2200,3.10,-6.65,-77.0

0,0,0,0,2200,3.10,-6.65,-77.0

0,0,0,0,2200,3.10,-6.65,-77.0

0,0,0,0,2200,3.22,-6.64,-76.7

0,0,0,0,2200,3.22,-6.64,-76.7

0,0,0,0,2200,3.22,-6.64,-76.7

0,0,0,0,2200,3.22,-6.64,-76.7

0,0,0,0,2200,3.22,-6.64,-76.7

0,0,0,319,2200,2.37,-6.28,-76.7

0,0,488,0,2200,2.37,-6.28,-76.7

0,0,0,0,2200,2.37,-6.28,-76.7

0,0,0,0,2200,2.37,-6.28,-76.7

0,0,0,0,2200,2.37,-6.28,-76.7

0,0,0,0,2200,2.49,-6.47,-76.4

0,0,0,0,2200,2.49,-6.47,-76.4

0,0,0,0,2200,2.49,-6.47,-76.4

0,0,0,0,2200,2.49,-6.47,-76.4

0,0,0,0,2200,2.68,-6.56,-76.8

0,0,0,0,2200,2.68,-6.56,-76.8

0,0,0,0,2200,2.68,-6.56,-76.8

0,0,0,0,2200,2.68,-6.56,-76.8

0,0,0,0,2200,2.68,-6.56,-76.8

0,0,0,85,2200,2.80,-6.71,-76.5

0,0,0,0,2200,2.80,-6.71,-76.5

0,0,0,0,2200,2.80,-6.71,-76.5

0,0,195,0,2200,2.80,-6.71,-76.5

0,0,0,0,2200,2.80,-6.71,-76.5

0,0,0,0,2200,2.93,-6.39,-76.4

0,0,0,344,2200,2.93,-6.39,-76.4

0,0,0,0,2200,2.93,-6.39,-76.4

0,0,0,2200,2200,2.93,-6.39,-76.4

0,77,0,0,2200,2.93,-6.39,-76.4

0,0,1232,0,2200,3.04,-6.42,-76.1

2200,2200,2200,2200,2200,3.04,-6.42,-76.1

0,0,0,0,2200,3.04,-6.42,-76.1

0,0,0,0,2200,3.04,-6.42,-76.1

0,0,488,0,0,3.16,-6.75,-75.9

0,0,0,0,2200,3.16,-6.75,-75.9

0,0,0,0,114,3.16,-6.75,-75.9

0,0,0,0,2200,3.16,-6.75,-75.9

0,0,0,0,2200,3.16,-6.75,-75.9

0,0,0,0,388,3.28,-6.49,-75.7

0,0,0,0,2200,3.28,-6.49,-75.7

0,0,0,0,2200,3.28,-6.49,-75.7

0,0,0,0,2200,3.28,-6.49,-75.7

0,0,0,0,2200,3.28,-6.49,-75.7

0,0,0,0,2200,2.46,-6.57,-76.1

0,0,0,0,2200,2.46,-6.57,-76.1

0,0,0,0,2200,2.46,-6.57,-76.1

0,0,0,0,2200,2.46,-6.57,-76.1

0,0,544,0,1447,2.64,-6.62,-76.4

0,0,199,0,2200,2.64,-6.62,-76.4

0,0,0,0,2200,2.64,-6.62,-76.4

0,0,0,0,2200,2.64,-6.62,-76.4

0,0,0,0,2200,2.64,-6.62,-76.4

0,0,0,0,1211,2.76,-6.66,-76.2

0,0,0,0,2200,2.76,-6.66,-76.2

0,0,0,0,2200,2.76,-6.66,-76.2

0,0,0,0,2200,2.76,-6.66,-76.2

0,0,0,0,2200,2.76,-6.66,-76.2

0,0,0,0,2200,2.87,-6.57,-75.9

0,0,0,0,2200,2.87,-6.57,-75.9

0,0,0,0,2200,2.87,-6.57,-75.9

0,0,0,0,2200,2.87,-6.57,-75.9

0,0,0,0,2200,3.05,-6.63,-76.3

0,0,0,0,2200,3.05,-6.63,-76.3

0,0,0,0,2200,3.05,-6.63,-76.3

0,0,0,0,2200,3.05,-6.63,-76.3

0,0,0,0,2200,3.05,-6.63,-76.3

0,0,0,135,2200,3.18,-6.53,-76.0

0,0,0,0,2200,3.18,-6.53,-76.0

0,0,0,0,2200,3.18,-6.53,-76.0

0,0,0,0,2200,3.18,-6.53,-76.0

0,0,0,0,2200,3.18,-6.53,-76.0

0,0,0,0,2200,3.31,-6.91,-75.9

0,0,0,0,2200,3.31,-6.91,-75.9

0,0,0,0,2200,3.31,-6.91,-75.9

0,0,0,0,2200,3.31,-6.91,-75.9

0,0,0,0,2200,2.49,-6.62,-76.1

0,0,0,0,2200,2.49,-6.62,-76.1

0,0,0,0,2200,2.49,-6.62,-76.1

0,0,0,393,2200,2.49,-6.62,-76.1

0,0,0,0,2200,2.49,-6.62,-76.1

0,0,697,350,2200,2.61,-6.83,-75.8

0,0,0,0,2200,2.61,-6.83,-75.8

0,0,0,2200,2200,2.61,-6.83,-75.8

0,0,0,0,2200,2.61,-6.83,-75.8

0,0,0,0,2200,2.61,-6.83,-75.8

0,190,1469,0,2200,2.79,-6.60,-76.1

0,0,0,0,2200,2.79,-6.60,-76.1

0,0,0,0,2200,2.79,-6.60,-76.1

0,0,0,0,0,2.79,-6.60,-76.1

0,0,0,0,937,2.79,-6.60,-76.1

0,0,0,0,2200,2.91,-6.50,-75.9

0,0,0,0,2200,2.91,-6.50,-75.9

0,0,0,0,2200,2.91,-6.50,-75.9

0,0,0,0,2200,2.91,-6.50,-75.9

0,0,0,0,2200,2.91,-6.50,-75.9

0,0,0,0,2200,3.03,-6.33,-75.7

0,0,0,0,2200,3.03,-6.33,-75.7

0,0,0,0,2200,3.03,-6.33,-75.7

0,0,0,0,0,3.03,-6.33,-75.7

0,0,0,0,2200,3.21,-6.66,-76.1

0,0,0,0,2200,3.21,-6.66,-76.1

0,0,0,0,2200,3.21,-6.66,-76.1

0,0,0,0,312,3.21,-6.66,-76.1

0,0,0,0,2200,3.21,-6.66,-76.1

0,0,0,0,2200,2.37,-6.29,-76.2

0,0,0,0,2200,2.37,-6.29,-76.2

0,0,0,0,2200,2.37,-6.29,-76.2

0,0,0,0,2200,2.37,-6.29,-76.2

0,181,581,0,2200,2.51,-6.75,-76.1

0,142,0,0,2200,2.51,-6.75,-76.1

0,0,0,0,2200,2.51,-6.75,-76.1

0,0,0,0,2200,2.51,-6.75,-76.1

0,0,0,0,2200,2.51,-6.75,-76.1

0,0,0,0,2200,2.65,-6.46,-76.1

101,0,0,0,2200,2.65,-6.46,-76.1

0,0,0,0,2200,2.65,-6.46,-76.1

124,0,0,0,2200,2.65,-6.46,-76.1

0,0,2200,0,2200,2.83,-6.23,-76.4

0,0,925,0,2200,2.83,-6.23,-76.4

0,0,306,0,2200,2.83,-6.23,-76.4

0,0,0,0,2200,2.83,-6.23,-76.4

0,0,0,0,2200,2.83,-6.23,-76.4

0,0,0,0,0,2.97,-6.64,-76.3

0,0,0,0,146,2.97,-6.64,-76.3

167,0,0,0,2142,2.97,-6.64,-76.3

0,0,0,0,2200,2.97,-6.64,-76.3

0,0,0,0,401,2.97,-6.64,-76.3

0,0,0,0,1109,3.11,-6.54,-76.2

0,0,0,0,2200,3.11,-6.54,-76.2

0,0,0,0,2200,3.11,-6.54,-76.2

0,0,0,0,2200,3.11,-6.54,-76.2

0,0,0,0,2200,3.11,-6.54,-76.2

0,0,0,0,2200,3.33,-6.65,-76.6

0,0,0,0,2200,3.33,-6.65,-76.6

0,0,0,0,2200,3.33,-6.65,-76.6

11,0,0,0,2200,3.33,-6.65,-76.6

0,0,0,0,2200,2.51,-6.30,-76.7

0,0,0,0,2200,2.51,-6.30,-76.7

0,0,0,0,2200,2.51,-6.30,-76.7

0,0,0,0,2200,2.51,-6.30,-76.7

0,215,0,0,2200,2.51,-6.30,-76.7

0,0,0,0,2200,2.66,-6.50,-76.5

0,0,0,0,2200,2.66,-6.50,-76.5

0,0,0,0,2200,2.66,-6.50,-76.5

0,0,0,0,2200,2.66,-6.50,-76.5

0,0,2200,2200,2200,2.83,-6.16,-76.7

0,0,558,0,1141,2.83,-6.16,-76.7

0,0,0,0,2200,2.83,-6.16,-76.7

0,0,0,0,2200,2.83,-6.16,-76.7

0,0,0,0,2200,2.83,-6.16,-76.7

0,0,0,0,2200,2.97,-6.36,-76.5

0,0,0,0,2200,2.97,-6.36,-76.5

0,0,0,0,2200,2.97,-6.36,-76.5

0,0,0,0,2200,2.97,-6.36,-76.5

0,0,0,0,2200,2.97,-6.36,-76.5

0,0,0,369,2200,3.12,-6.76,-76.4

0,0,0,0,2200,3.12,-6.76,-76.4

0,0,0,0,2200,3.12,-6.76,-76.4

0,0,0,0,2200,3.12,-6.76,-76.4

0,0,0,707,2200,3.27,-6.41,-76.4

0,0,0,0,2200,3.27,-6.41,-76.4

0,0,0,0,2200,3.27,-6.41,-76.4

0,0,0,0,2200,3.27,-6.41,-76.4

0,0,0,0,2200,3.27,-6.41,-76.4

0,233,0,0,2200,2.47,-6.43,-76.8

0,0,0,0,2200,2.47,-6.43,-76.8

0,0,0,0,2200,2.47,-6.43,-76.8

0,0,0,0,2200,2.47,-6.43,-76.8

0,0,0,0,2200,2.47,-6.43,-76.8

0,0,0,1261,0,2.61,-6.31,-76.6

0,0,32,0,2200,2.61,-6.31,-76.6

0,0,0,0,2200,2.61,-6.31,-76.6

0,0,0,0,2200,2.61,-6.31,-76.6

0,0,0,0,0,2.75,-6.10,-76.5

0,0,0,0,2200,2.75,-6.10,-76.5

0,0,0,0,2200,2.75,-6.10,-76.5

0,0,0,0,2200,2.75,-6.10,-76.5

0,0,0,0,2200,2.75,-6.10,-76.5

0,0,0,0,2200,2.93,-6.23,-76.9

0,0,0,1347,2200,2.93,-6.23,-76.9

0,0,0,0,2200,2.93,-6.23,-76.9

0,0,0,2200,2200,2.93,-6.23,-76.9

0,0,0,0,2200,2.93,-6.23,-76.9

0,0,0,18,0,3.07,-6.63,-76.8

0,0,0,0,2200,3.07,-6.63,-76.8

0,0,0,0,2200,3.07,-6.63,-76.8

0,0,0,0,2200,3.07,-6.63,-76.8

0,0,0,701,0,3.24,-6.26,-76.9

0,0,0,0,2200,3.24,-6.26,-76.9

0,0,0,0,2200,3.24,-6.26,-76.9

0,0,0,0,2200,3.24,-6.26,-76.9

0,0,0,2200,2200,3.24,-6.26,-76.9

0,0,0,0,2200,2.40,-5.89,-77.0

0,0,0,1815,2200,2.40,-5.89,-77.0

0,0,0,0,2200,2.40,-5.89,-77.0

0,0,0,0,2200,2.40,-5.89,-77.0

0,0,0,0,2200,2.40,-5.89,-77.0

0,0,0,0,0,2.57,-6.40,-77.0

0,0,157,0,2200,2.57,-6.40,-77.0

0,0,0,2200,2200,2.57,-6.40,-77.0

0,0,18,0,2200,2.57,-6.40,-77.0

0,0,0,1883,0,2.71,-6.19,-76.9

0,0,0,0,2200,2.71,-6.19,-76.9

0,0,0,2200,2200,2.71,-6.19,-76.9

0,0,0,0,2200,2.71,-6.19,-76.9

0,0,0,0,2200,2.71,-6.19,-76.9

0,0,0,0,2200,2.90,-6.09,-77.3

0,0,0,0,2200,2.90,-6.09,-77.3

0,0,0,0,2200,2.90,-6.09,-77.3

0,0,0,1735,2200,2.90,-6.09,-77.3

0,0,0,0,2200,3.03,-6.18,-77.1

0,0,0,0,2200,3.03,-6.18,-77.1

0,0,0,0,2200,3.03,-6.18,-77.1

0,0,0,0,2200,3.03,-6.18,-77.1

0,0,0,0,2200,3.03,-6.18,-77.1

0,0,0,2191,0,3.16,-6.22,-76.8

0,0,74,0,2200,3.16,-6.22,-76.8

0,0,0,2200,2200,3.16,-6.22,-76.8

0,0,0,0,2200,3.16,-6.22,-76.8

0,0,0,0,2200,3.16,-6.22,-76.8

0,0,0,0,2200,2.36,-6.10,-77.2

0,0,0,2200,2200,2.36,-6.10,-77.2

0,0,0,0,2200,2.36,-6.10,-77.2

0,160,0,2200,2200,2.36,-6.10,-77.2

0,0,0,0,2200,2.50,-6.12,-77.0

0,0,0,2200,2200,2.50,-6.12,-77.0

0,0,0,0,2200,2.50,-6.12,-77.0

0,0,0,2200,2200,2.50,-6.12,-77.0

7,0,0,0,2200,2.50,-6.12,-77.0

0,0,0,5,0,2.69,-6.33,-77.4

0,0,51,0,2200,2.69,-6.33,-77.4

0,0,0,0,2200,2.69,-6.33,-77.4

0,207,0,0,2200,2.69,-6.33,-77.4

0,73,0,2200,2200,2.69,-6.33,-77.4

0,0,0,0,2200,2.85,-5.97,-77.5

0,0,0,2018,2200,2.85,-5.97,-77.5

143,0,0,0,2200,2.85,-5.97,-77.5

135,0,0,0,2200,2.85,-5.97,-77.5

0,0,0,0,2200,2.98,-6.07,-77.2

23,0,0,0,2200,2.98,-6.07,-77.2

0,0,0,0,2200,2.98,-6.07,-77.2

0,0,0,0,2200,2.98,-6.07,-77.2

0,0,0,0,2200,2.98,-6.07,-77.2

0,0,0,0,2200,3.17,-6.17,-77.6

2200,2200,2200,2200,2200,3.17,-6.17,-77.6

0,0,0,0,2200,3.17,-6.17,-77.6

0,0,0,0,2200,3.17,-6.17,-77.6

0,0,0,0,2200,3.17,-6.17,-77.6

0,0,0,0,2200,3.28,-6.28,-77.4

0,0,74,0,2200,3.28,-6.28,-77.4

0,0,0,0,2200,3.28,-6.28,-77.4

0,0,0,0,1715,3.28,-6.28,-77.4

0,0,0,0,2200,2.41,-6.23,-77.1

0,0,409,0,0,2.41,-6.23,-77.1

0,0,130,0,2200,2.41,-6.23,-77.1

0,0,0,0,0,2.41,-6.23,-77.1

0,0,0,0,2200,2.41,-6.23,-77.1

0,0,0,0,1944,2.53,-6.10,-76.9

0,0,0,0,2200,2.53,-6.10,-76.9

0,0,0,0,1166,2.53,-6.10,-76.9

0,0,0,0,2200,2.53,-6.10,-76.9

0,0,0,0,0,2.53,-6.10,-76.9

0,0,23,0,2200,2.72,-6.19,-77.2

0,0,474,0,0,2.72,-6.19,-77.2

0,0,125,0,2200,2.72,-6.19,-77.2

0,0,0,0,2200,2.72,-6.19,-77.2

0,0,0,0,911,2.85,-6.51,-77.0

0,0,153,0,0,2.85,-6.51,-77.0

0,0,41,0,2200,2.85,-6.51,-77.0

0,0,0,2200,2200,2.85,-6.51,-77.0

0,0,0,0,2200,2.85,-6.51,-77.0

0,0,0,0,0,2.97,-6.32,-76.8

0,0,0,0,2200,2.97,-6.32,-76.8

0,0,0,0,2200,2.97,-6.32,-76.8

0,0,0,0,2200,2.97,-6.32,-76.8

0,0,0,0,63,3.13,-6.07,-77.0

0,0,0,0,2200,3.13,-6.07,-77.0

0,0,0,0,216,3.13,-6.07,-77.0

0,0,51,0,1657,3.13,-6.07,-77.0

0,0,0,0,2097,3.13,-6.07,-77.0

0,0,0,0,2200,3.25,-6.26,-76.8

0,0,348,0,2200,3.25,-6.26,-76.8

0,0,0,0,2200,3.25,-6.26,-76.8

0,0,0,0,299,3.25,-6.26,-76.8

0,0,0,0,1613,3.25,-6.26,-76.8

0,0,0,0,1460,2.42,-6.24,-77.1

0,0,0,0,2200,2.42,-6.24,-77.1

0,0,0,0,178,2.42,-6.24,-77.1

0,0,0,0,2200,2.42,-6.24,-77.1

0,0,0,0,2200,2.52,-5.94,-77.0

0,0,250,0,2200,2.52,-5.94,-77.0

0,0,0,0,2200,2.52,-5.94,-77.0

0,0,13,0,2200,2.52,-5.94,-77.0

0,0,0,0,503,2.52,-5.94,-77.0

0,0,0,0,2200,2.62,-6.09,-76.7

0,0,311,0,509,2.62,-6.09,-76.7

0,0,74,0,1402,2.62,-6.09,-76.7

0,0,0,0,1893,2.62,-6.09,-76.7

0,0,0,0,2200,2.62,-6.09,-76.7

0,0,0,0,2200,2.72,-6.46,-76.5

0,0,0,0,2200,2.72,-6.46,-76.5

0,0,0,0,2200,2.72,-6.46,-76.5

0,0,0,0,2200,2.72,-6.46,-76.5

0,0,0,0,2200,2.87,-6.28,-76.8

0,0,0,0,2200,2.87,-6.28,-76.8

0,0,0,0,2200,2.87,-6.28,-76.8

0,0,0,0,2200,2.87,-6.28,-76.8

0,0,0,0,2200,2.87,-6.28,-76.8

0,0,0,0,2200,3.01,-5.94,-76.8

0,0,334,0,0,3.01,-5.94,-76.8

0,0,9,0,2200,3.01,-5.94,-76.8

0,0,0,0,2200,3.01,-5.94,-76.8

0,0,0,0,2200,3.01,-5.94,-76.8

0,0,0,0,2200,3.13,-6.43,-76.7

0,0,0,0,2200,3.13,-6.43,-76.7

0,0,0,0,2200,3.13,-6.43,-76.7

0,0,0,0,2200,3.13,-6.43,-76.7

0,0,0,0,2200,3.23,-6.40,-76.4

0,0,0,0,2200,3.23,-6.40,-76.4

0,0,0,0,2200,3.23,-6.40,-76.4

0,0,0,0,2200,3.23,-6.40,-76.4

0,0,0,0,2200,3.23,-6.40,-76.4

0,0,0,0,2200,2.36,-6.12,-76.3

0,0,478,0,1090,2.36,-6.12,-76.3

62,0,157,0,2200,2.36,-6.12,-76.3

0,0,0,0,2200,2.36,-6.12,-76.3

0,0,0,0,0,2.53,-6.35,-76.6

0,0,51,0,2200,2.53,-6.35,-76.6

0,0,0,0,2200,2.53,-6.35,-76.6

0,0,0,0,2200,2.53,-6.35,-76.6

0,0,0,0,2200,2.53,-6.35,-76.6

0,0,0,0,2200,2.63,-6.26,-76.4

0,0,0,0,2200,2.63,-6.26,-76.4

0,0,0,0,2200,2.63,-6.26,-76.4

0,0,0,0,2200,2.63,-6.26,-76.4

0,0,0,0,2200,2.63,-6.26,-76.4

0,0,0,0,0,2.79,-5.95,-76.5

0,0,0,0,2200,2.79,-5.95,-76.5

0,0,0,0,2200,2.79,-5.95,-76.5

0,0,0,0,2200,2.79,-5.95,-76.5

0,0,0,0,2200,2.93,-6.49,-76.5

0,0,0,0,2200,2.93,-6.49,-76.5

218,0,0,0,2200,2.93,-6.49,-76.5

0,0,0,0,2200,2.93,-6.49,-76.5

0,0,0,0,2200,2.93,-6.49,-76.5

0,0,0,0,2200,3.04,-6.27,-76.3

0,0,0,0,2200,3.04,-6.27,-76.3

0,0,0,0,2200,3.04,-6.27,-76.3

0,0,0,0,2200,3.04,-6.27,-76.3

50,0,0,0,2200,3.04,-6.27,-76.3

0,0,0,399,0,3.15,-6.24,-76.0

42,0,41,0,2200,3.15,-6.24,-76.0

0,12,0,0,2200,3.15,-6.24,-76.0

0,160,0,0,2200,3.15,-6.24,-76.0

0,0,0,676,0,3.33,-6.24,-76.4

0,0,0,0,2200,3.33,-6.24,-76.4

0,0,0,0,2200,3.33,-6.24,-76.4

97,0,0,0,2200,3.33,-6.24,-76.4

186,0,0,1120,2200,3.33,-6.24,-76.4

0,0,27,0,2200,2.50,-6.49,-76.7

15,0,0,2200,2200,2.50,-6.49,-76.7

0,0,232,0,2200,2.50,-6.49,-76.7

0,0,0,2200,2200,2.50,-6.49,-76.7

0,0,0,0,2200,2.50,-6.49,-76.7

0,0,906,11,2200,2.62,-6.53,-76.4

2200,2200,1418,190,2200,2.62,-6.53,-76.4

0,0,0,0,2200,2.62,-6.53,-76.4

0,0,0,0,2200,2.62,-6.53,-76.4

0,0,0,0,2200,2.74,-6.52,-76.1

0,0,0,0,2200,2.74,-6.52,-76.1

0,0,0,2200,2200,2.74,-6.52,-76.1

3,0,0,0,2200,2.74,-6.52,-76.1

0,0,0,0,2200,2.74,-6.52,-76.1

0,0,2200,2200,2200,2.93,-6.32,-76.4

0,0,297,689,2200,2.93,-6.32,-76.4

0,0,0,0,2200,2.93,-6.32,-76.4

0,0,0,0,2200,2.93,-6.32,-76.4

0,0,0,0,2200,2.93,-6.32,-76.4

0,0,0,0,2200,3.06,-6.41,-76.1

0,0,0,0,2200,3.06,-6.41,-76.1

0,0,0,547,2200,3.06,-6.41,-76.1

23,0,0,0,2200,3.06,-6.41,-76.1

0,0,0,0,38,3.25,-6.38,-76.4

0,0,0,0,2200,3.25,-6.38,-76.4

0,0,0,0,911,3.25,-6.38,-76.4

0,0,0,0,2200,3.25,-6.38,-76.4

0,0,0,0,1383,3.25,-6.38,-76.4

0,0,2200,2200,2200,2.39,-6.45,-76.1

0,0,492,0,1051,2.39,-6.45,-76.1

0,0,250,0,2200,2.39,-6.45,-76.1

0,0,0,0,2200,2.39,-6.45,-76.1

0,0,0,0,2200,2.39,-6.45,-76.1

0,0,0,0,1632,2.54,-6.11,-76.1

0,0,0,0,2200,2.54,-6.11,-76.1

0,0,0,0,0,2.54,-6.11,-76.1

0,0,0,0,2200,2.54,-6.11,-76.1

0,0,106,0,2200,2.69,-6.64,-76.1

0,0,0,0,2200,2.69,-6.64,-76.1

0,0,0,0,2200,2.69,-6.64,-76.1

0,0,0,0,2200,2.69,-6.64,-76.1

0,0,0,0,2200,2.69,-6.64,-76.1

0,0,0,0,2200,2.81,-6.51,-75.8

0,0,651,0,1013,2.81,-6.51,-75.8

0,0,222,0,2200,2.81,-6.51,-75.8

0,0,0,0,2200,2.81,-6.51,-75.8

0,0,0,0,2200,2.81,-6.51,-75.8

0,0,0,0,2200,2.93,-6.57,-75.6

0,0,0,0,2200,2.93,-6.57,-75.6

0,0,0,0,2200,2.93,-6.57,-75.6

0,0,0,24,2200,2.93,-6.57,-75.6

0,0,0,0,2200,2.93,-6.57,-75.6

0,0,78,1760,2200,3.13,-6.68,-76.0

0,0,0,0,2200,3.13,-6.68,-76.0

0,0,0,2200,2200,3.13,-6.68,-76.0

0,0,0,0,2200,3.13,-6.68,-76.0

0,0,0,2068,2200,3.13,-6.68,-76.0

0,0,2032,0,2200,3.28,-6.33,-76.0

0,0,41,2200,2200,3.28,-6.33,-76.0

0,0,0,0,2200,3.28,-6.33,-76.0

0,0,0,0,2200,3.28,-6.33,-76.0

0,0,0,0,2200,2.39,-6.35,-75.8

0,0,0,418,2200,2.39,-6.35,-75.8

0,0,0,0,2200,2.39,-6.35,-75.8

0,0,0,0,2200,2.39,-6.35,-75.8

0,0,0,0,2200,2.39,-6.35,-75.8

0,0,0,572,2200,2.57,-6.68,-76.1

0,0,0,0,2200,2.57,-6.68,-76.1

0,0,0,2200,2200,2.57,-6.68,-76.1

0,0,0,0,2200,2.57,-6.68,-76.1

0,0,0,559,2200,2.57,-6.68,-76.1

0,0,0,0,2200,2.69,-6.47,-75.9

0,0,0,0,2200,2.69,-6.47,-75.9

0,0,0,0,2200,2.69,-6.47,-75.9

0,0,0,2200,2200,2.69,-6.47,-75.9

0,0,0,0,2200,2.81,-6.44,-75.7

0,0,0,0,2200,2.81,-6.44,-75.7

0,0,0,0,2200,2.81,-6.44,-75.7

0,0,0,2200,2200,2.81,-6.44,-75.7

0,0,0,0,2200,2.81,-6.44,-75.7

0,0,679,1470,2200,2.94,-6.83,-75.6

3,0,0,0,2200,2.94,-6.83,-75.6

0,0,0,2200,2200,2.94,-6.83,-75.6

0,0,0,0,2200,2.94,-6.83,-75.6

0,0,325,0,2200,3.15,-6.72,-76.0

0,0,0,0,2200,3.15,-6.72,-76.0

0,0,0,2200,2200,3.15,-6.72,-76.0

26,0,0,0,2200,3.15,-6.72,-76.0

0,0,0,2200,2200,3.15,-6.72,-76.0

0,0,0,0,2200,2.36,-6.39,-76.2

0,0,0,2200,2200,2.36,-6.39,-76.2

2200,2200,2200,2200,2200,2.36,-6.39,-76.2

0,0,0,0,2200,2.36,-6.39,-76.2

0,0,0,0,2200,2.36,-6.39,-76.2

0,0,0,0,0,2.58,-6.21,-76.6

0,0,69,0,2200,2.58,-6.21,-76.6

0,0,0,2200,2200,2.58,-6.21,-76.6

0,0,0,0,2200,2.58,-6.21,-76.6

0,0,0,251,2200,2.74,-6.49,-76.5

0,0,0,0,2200,2.74,-6.49,-76.5

0,0,0,0,2200,2.74,-6.49,-76.5

0,0,0,0,2200,2.74,-6.49,-76.5

0,0,0,0,1817,2.74,-6.49,-76.5

0,0,1628,0,2200,2.89,-6.34,-76.3

0,0,679,0,2200,2.89,-6.34,-76.3

0,0,222,0,2200,2.89,-6.34,-76.3

0,0,4,0,0,2.89,-6.34,-76.3

3,0,0,0,0,2.89,-6.34,-76.3

0,0,0,0,2200,3.02,-6.33,-76.1

0,0,0,0,2200,3.02,-6.33,-76.1

0,0,0,0,2200,3.02,-6.33,-76.1

0,0,0,0,2200,3.02,-6.33,-76.1

0,0,0,0,0,3.24,-6.79,-76.4

26,0,0,0,0,3.24,-6.79,-76.4

0,0,0,0,2200,3.24,-6.79,-76.4

0,0,0,0,2200,3.24,-6.79,-76.4

0,0,0,0,918,3.24,-6.79,-76.4

0,0,0,0,2200,2.44,-6.44,-76.6

0,0,744,0,407,2.44,-6.44,-76.6

0,0,167,0,2200,2.44,-6.44,-76.6

147,0,0,0,2200,2.44,-6.44,-76.6

0,0,0,0,2200,2.65,-6.24,-77.0

0,0,469,0,0,2.65,-6.24,-77.0

11,0,55,0,2200,2.65,-6.24,-77.0

0,0,0,0,2200,2.65,-6.24,-77.0

0,0,0,0,2200,2.65,-6.24,-77.0

0,0,0,0,2200,2.77,-6.09,-76.8

0,0,0,0,2200,2.77,-6.09,-76.8

0,0,0,0,2200,2.77,-6.09,-76.8

0,0,0,0,2200,2.77,-6.09,-76.8

0,0,0,0,2200,2.77,-6.09,-76.8

0,0,0,0,2200,2.92,-6.22,-76.6

0,0,371,0,0,2.92,-6.22,-76.6

0,0,88,0,2200,2.92,-6.22,-76.6

0,0,13,0,2200,2.92,-6.22,-76.6

0,0,46,0,2200,3.17,-6.45,-77.0

0,0,0,0,2200,3.17,-6.45,-77.0

0,0,0,0,2200,3.17,-6.45,-77.0

0,0,0,0,2200,3.17,-6.45,-77.0

0,0,0,0,2200,3.17,-6.45,-77.0

0,0,0,0,2200,2.34,-6.48,-76.8

0,0,0,0,2200,2.34,-6.48,-76.8

0,0,0,0,2200,2.34,-6.48,-76.8

26,0,0,0,2200,2.34,-6.48,-76.8

0,0,0,0,2200,2.34,-6.48,-76.8

0,0,0,0,2200,2.50,-6.09,-76.8

0,0,246,0,0,2.50,-6.09,-76.8

0,0,0,0,2200,2.50,-6.09,-76.8

0,0,13,0,2200,2.50,-6.09,-76.8

0,0,0,0,2200,2.62,-6.32,-76.6

0,0,143,0,267,2.62,-6.32,-76.6

0,0,0,0,2200,2.62,-6.32,-76.6

0,0,0,0,2200,2.62,-6.32,-76.6

0,0,0,0,2200,2.62,-6.32,-76.6

0,0,0,0,2200,2.77,-6.08,-76.4

0,0,0,0,2200,2.77,-6.08,-76.4

0,0,0,0,2200,2.77,-6.08,-76.4

0,0,0,0,2200,2.77,-6.08,-76.4

0,0,0,0,2200,2.77,-6.08,-76.4

0,0,0,0,1186,2.97,-6.38,-76.8

0,0,102,0,2046,2.97,-6.38,-76.8

0,0,0,0,2200,2.97,-6.38,-76.8

0,0,0,0,2200,2.97,-6.38,-76.8

0,0,0,0,0,3.13,-6.03,-76.8

0,0,0,0,2200,3.13,-6.03,-76.8

0,0,0,0,2200,3.13,-6.03,-76.8

0,0,0,0,2200,3.13,-6.03,-76.8

0,0,0,0,2200,3.13,-6.03,-76.8

0,0,4,0,2200,3.26,-6.42,-76.7

0,0,0,0,2200,3.26,-6.42,-76.7

0,0,0,0,2200,3.26,-6.42,-76.7

0,0,0,0,2200,3.26,-6.42,-76.7

0,0,0,0,2200,3.26,-6.42,-76.7

0,0,0,0,0,2.42,-6.09,-77.0

0,0,148,0,2200,2.42,-6.09,-77.0

0,0,0,0,2200,2.42,-6.09,-77.0

0,0,0,0,2200,2.42,-6.09,-77.0

0,0,0,0,0,2.57,-6.38,-76.8

0,0,0,0,2200,2.57,-6.38,-76.8

0,0,0,0,2200,2.57,-6.38,-76.8

0,0,0,0,2200,2.57,-6.38,-76.8

0,0,0,0,2200,2.57,-6.38,-76.8

0,0,0,0,2200,2.76,-6.29,-77.2

0,0,0,0,2200,2.76,-6.29,-77.2

0,0,0,0,2200,2.76,-6.29,-77.2

0,0,0,0,2200,2.76,-6.29,-77.2

0,0,0,0,2200,2.76,-6.29,-77.2

0,0,0,55,0,2.88,-6.19,-77.0

0,0,246,0,2200,2.88,-6.19,-77.0

0,0,0,0,2200,2.88,-6.19,-77.0

0,0,0,0,2200,2.88,-6.19,-77.0

0,0,0,2200,0,3.03,-5.95,-76.9

23,0,0,0,2200,3.03,-5.95,-76.9

0,0,0,2200,2200,3.03,-5.95,-76.9

0,0,0,0,2200,3.03,-5.95,-76.9

0,0,0,110,2200,3.03,-5.95,-76.9

0,0,0,0,2200,3.25,-6.18,-77.3

0,0,0,2200,2200,3.25,-6.18,-77.3

0,0,55,0,2200,3.25,-6.18,-77.3

0,0,0,270,2200,3.25,-6.18,-77.3

0,0,0,0,2200,3.25,-6.18,-77.3

0,0,0,1803,0,2.40,-6.04,-77.1

0,0,69,0,2200,2.40,-6.04,-77.1

0,0,0,559,2200,2.40,-6.04,-77.1

0,0,0,0,2200,2.40,-6.04,-77.1

0,42,0,2086,0,2.54,-6.03,-76.9

0,0,18,0,2200,2.54,-6.03,-76.9

0,0,0,2200,2200,2.54,-6.03,-76.9

0,0,0,0,2200,2.54,-6.03,-76.9

0,0,0,2200,2200,2.54,-6.03,-76.9

0,0,0,0,2200,2.75,-6.23,-77.3

0,0,0,2200,2200,2.75,-6.23,-77.3

2200,2200,2200,2200,2200,2.75,-6.23,-77.3

0,0,0,0,2200,2.75,-6.23,-77.3

0,0,0,0,2200,2.75,-6.23,-77.3

0,0,0,208,2200,2.93,-5.88,-77.5

0,0,0,0,2200,2.93,-5.88,-77.5

0,0,0,0,2200,2.93,-5.88,-77.5

0,0,41,0,2200,2.93,-5.88,-77.5

0,0,1562,0,2200,3.05,-6.00,-77.2

124,0,488,0,2200,3.05,-6.00,-77.2

23,0,46,0,2200,3.05,-6.00,-77.2

0,73,246,0,2200,3.05,-6.00,-77.2

0,68,0,0,611,3.05,-6.00,-77.2

0,0,0,0,2200,3.16,-5.94,-77.0

0,0,0,0,2200,3.16,-5.94,-77.0

0,0,0,0,2200,3.16,-5.94,-77.0

272,0,0,0,2200,3.16,-5.94,-77.0

159,0,0,0,2200,3.16,-5.94,-77.0

0,0,0,0,2200,2.36,-6.32,-77.3

0,0,0,0,2200,2.36,-6.32,-77.3

0,0,0,0,2200,2.36,-6.32,-77.3

0,0,0,0,2200,2.36,-6.32,-77.3

0,0,0,0,286,2.54,-6.06,-77.6

0,0,0,0,1371,2.54,-6.06,-77.6

0,0,0,0,2200,2.54,-6.06,-77.6

0,0,0,0,2200,2.54,-6.06,-77.6

0,0,0,0,2200,2.54,-6.06,-77.6

0,0,0,0,2200,2.63,-5.98,-77.3

0,0,0,0,2200,2.63,-5.98,-77.3

0,0,0,0,2200,2.63,-5.98,-77.3

0,0,0,0,2200,2.63,-5.98,-77.3

183,0,0,0,2200,2.63,-5.98,-77.3

0,0,1121,0,2200,2.75,-6.35,-77.1

0,0,0,0,0,2.75,-6.35,-77.1

0,0,0,0,2021,2.75,-6.35,-77.1

0,0,0,0,2200,2.75,-6.35,-77.1

0,0,0,0,2200,2.93,-6.27,-77.4

0,0,0,0,2200,2.93,-6.27,-77.4

0,0,176,0,2200,2.93,-6.27,-77.4

0,0,0,0,2200,2.93,-6.27,-77.4

0,0,0,0,2200,2.93,-6.27,-77.4

0,0,0,0,2200,3.03,-6.09,-77.2

0,0,83,0,273,3.03,-6.09,-77.2

0,0,130,0,2200,3.03,-6.09,-77.2

0,0,0,0,2200,3.03,-6.09,-77.2

0,0,0,0,2200,3.03,-6.09,-77.2

0,0,0,0,2200,3.15,-6.53,-77.0

0,0,0,0,2200,3.15,-6.53,-77.0

0,0,0,0,2200,3.15,-6.53,-77.0

0,0,0,0,2200,3.15,-6.53,-77.0

0,207,0,0,2200,3.26,-6.48,-76.8

0,0,0,0,2200,3.26,-6.48,-76.8

0,0,0,0,2200,3.26,-6.48,-76.8

38,0,0,0,2200,3.26,-6.48,-76.8

0,0,0,0,2200,3.26,-6.48,-76.8

0,0,0,0,0,2.39,-6.17,-76.7

0,0,9,0,2200,2.39,-6.17,-76.7

0,0,0,0,2200,2.39,-6.17,-76.7

0,0,0,0,2200,2.39,-6.17,-76.7

0,0,0,0,2200,2.39,-6.17,-76.7

0,0,0,0,2200,2.58,-5.94,-76.9

0,0,0,0,2200,2.58,-5.94,-76.9

0,0,0,0,2200,2.58,-5.94,-76.9

0,0,0,0,2200,2.58,-5.94,-76.9

0,0,0,0,2200,2.76,-6.00,-77.3

0,0,0,0,2200,2.76,-6.00,-77.3

0,0,0,0,2200,2.76,-6.00,-77.3

0,0,0,0,2200,2.76,-6.00,-77.3

0,0,0,0,2200,2.76,-6.00,-77.3

0,0,0,0,2200,2.86,-6.03,-77.0

0,0,0,0,2200,2.86,-6.03,-77.0

0,0,0,0,2200,2.86,-6.03,-77.0

0,0,0,0,2200,2.86,-6.03,-77.0

0,0,0,0,0,3.02,-5.98,-77.4

0,0,0,0,2200,3.02,-5.98,-77.4

0,0,0,0,2200,3.02,-5.98,-77.4

0,0,0,0,2200,3.02,-5.98,-77.4

0,0,0,0,2200,3.02,-5.98,-77.4

0,0,0,0,2200,3.16,-5.91,-77.7

0,0,0,0,2200,3.16,-5.91,-77.7

0,0,0,0,2200,3.16,-5.91,-77.7

0,0,74,0,2200,3.16,-5.91,-77.7

0,0,0,0,2200,3.16,-5.91,-77.7

0,0,0,0,0,3.26,-6.04,-77.4

0,0,0,0,2200,3.26,-6.04,-77.4

0,0,0,0,2200,3.26,-6.04,-77.4

0,0,0,0,2200,3.26,-6.04,-77.4

0,0,0,0,0,2.35,-6.13,-77.1

0,0,0,0,2200,2.35,-6.13,-77.1

0,0,0,0,2200,2.35,-6.13,-77.1

0,0,0,0,2200,2.35,-6.13,-77.1

0,0,0,0,2200,2.35,-6.13,-77.1

0,0,0,0,2200,2.47,-6.13,-76.8

